#集团编号,HP编号,热点名称,热点类型,地址,省份,地市,县市,所属分局（分公司）,经度,纬度,代维公司,IP地址段,接入方式,热点等级,集成商,业主联系人,联系方式,WLAN干放数量,是否有室分,接入电路编号,POP,业务VLAN,PVLAN,管理VLAN,接入域,端口类型,覆盖区域,AP数量,创建时间,备注,导入编号,所属AC名称,场点名称,热点状态,地标,集团经度,集团纬度
CT_zj_5801100097,800111066,定海海韵大厦, 商务楼,定海卫海路87号,浙江,舟山市,定海县,定海分公司,122.10018,30.01044,金州,183.152.192.2-183.152.207.254,光纤,C,浙贝,顾磊,15305809609,0,是,,,97,1041,3025,ZS-DH-NZ-1.domain,以太网,全覆盖,16,2009/9/17,,CT_zj_5801110009,华三AC定海76(主),,正常热点,定海海韵大厦,,
CT_zj_5809900117,800111073,定海临城人才公寓, 其他,定海临城海宇路人才公寓,浙江,舟山市,定海县,定海分公司,122.20978,29.99066,金州,183.152.192.2-183.152.207.254,光纤,C,工程局SY,顾磊,15305809609,0,是,,,115,1041,3024,ZS-DH-NZ-1.domain,以太网,全覆盖,7,2009/9/17,,CT_zj_5809910011,华三AC定海76(主),,正常热点,定海临城人才公寓,,
CT_zj_5800600073,800106083,定海博雁城市假日酒店, 宾馆酒店,定海区气象台路228号博雁城市假日酒店,浙江,舟山市,定海县,定海分公司,122.10774,30.03347,金州,183.152.192.2-183.152.207.254,光纤,C,国人,姜师傅,13646509939,0,是,,,102,1041,3026,ZS-DH-NZ-1.domain,以太网,全覆盖,8,2009/9/16,,CT_zj_5800610031,华三AC定海76(主),,正常热点,定海博雁城市假日酒店,,
CT_zj_5800400053,80022015,普陀普陀山客运码头, 码头,普陀山梅岑路1号,浙江,舟山市,普陀县,普陀分公司,122.37602,29.97706,工程局,183.152.192.2-183.152.207.254,光纤,D,瑞达,乐谋勋,15305808705,0,否,,,1020,1042,3026,ZS-DH-NZ-1.domain,以太网,候船厅、茶室,4,2009/12/31,,CT_zj_5800420005,华三AC普陀78(主),,正常热点,普陀普陀山客运码头,,
CT_zj_5801200365,800112090,定海临城质量监督局, 政府机关等事业单位,定海临城新区质量监督局,浙江,舟山市,定海县,定海分公司,122.19925,29.99776,金州,183.152.192.2-183.152.207.254,光纤,C,浙贝,顾磊,15305809609,0,是,,,143,1041,3026,ZS-DH-NZ-1.domain,以太网,全覆盖,11,2010/5/11,,CT_zj_5801210005,华三AC定海76(主),,正常热点,定海临城质量监督局,,
CT_zj_5801200421,800112096,定海临城海关大楼, 政府机关等事业单位,定海临城海景路599号,浙江,舟山市,定海县,定海分公司,122.19629,29.98292,金州,183.152.192.2-183.152.207.254,光纤,C,工程局SY,工程部,13906801131,0,是,,,113,1041,3025,ZS-DH-NZ-1.domain,以太网,1~5F,9,2010/5/11,,CT_zj_5801210007,华三AC定海76(主),,正常热点,定海临城海关大楼,,
CT_zj_5801200422,800112097,定海舟山市临城交警支队, 政府机关等事业单位,定海市临城新区交警支队,浙江,舟山市,定海县,定海分公司,122.19009,29.99053,金州,183.152.192.2-183.152.207.254,光纤,B,浙贝,顾磊,15305809609,0,是,,,168,1041,3027,ZS-DH-NZ-1.domain,以太网,全覆盖,8,2010/5/11,,CT_zj_5801210004,华三AC定海76(主),,正常热点,定海舟山市临城交警支队,,
CT_zj_5801200423,800112098,定海临城交通委大楼, 政府机关等事业单位,定海市临城新区交通委大楼,浙江,舟山市,定海县,定海分公司,122.20571,29.9877,金州,183.152.192.2-183.152.207.254,光纤,C,浙贝,顾磊,15305809609,0,是,,,110,1041,3025,ZS-DH-NZ-1.domain,以太网,全覆盖,12,2010/5/11,,CT_zj_5801210006,华三AC定海76(主),,正常热点,定海临城交通委大楼,,
CT_zj_5801100481,800299097,普陀东港港汇广场, 商务楼,舟山市普陀区海莲路253号,浙江,舟山市,普陀县,普陀分公司,122.31354,29.96908,工程局,183.152.192.2-183.152.207.254,光纤,B,工程局,乐谋勋,15305808705,0,是,,,1162,1042,3024,ZS-DH-NZ-1.domain,以太网,全覆盖,32,2010/5/11,,CT_zj_5801520005,华三AC普陀78(主),,正常热点,普陀东港港汇广场,,
CT_zj_5801200906,800112108,定海舟山市社保局, 政府机关等事业单位,定海舟山市社保局,浙江,舟山市,定海县,定海分公司,122.09364,30.01726,金州,183.152.192.2-183.152.207.254,光纤,C,国人,顾磊,15305809609,0,是,,,100,1041,3024,ZS-DH-NZ-1.domain,以太网,2~7F,6,2010/8/2,,CT_zj_5801210008,华三AC定海76(主),,正常热点,定海舟山市社保局,,
CT_zj_5801200404,800112095,定海临城环卫大楼, 政府机关等事业单位,定海临城环卫大楼,浙江,舟山市,定海县,定海分公司,122.19196,29.98432,金州,183.152.192.2-183.152.207.254,光纤,C,浙贝,顾磊,15305809609,0,是,,,164,1041,3028,ZS-DH-NZ-1.domain,以太网,全覆盖,6,2010/5/11,,CT_zj_5801210003,华三AC定海76(主),,正常热点,定海临城环卫大楼,,
CT_zj_5800400723,800204157,普陀朱家尖蜈蚣峙码头停车场室外, 码头,普陀朱家尖蜈蚣峙码头室外停车场,浙江,舟山市,普陀县,普陀分公司,122.38336,29.9881,工程局,183.152.192.2-183.152.207.254,光纤,C,工程局SY,乐谋勋,15305808705,0,否,,,1059,1042,3033,ZS-DH-NZ-1.domain,以太网,室外停车场、侯船厅,3,2010/7/24,,CT_zj_5800420001,华三AC普陀78(主),普陀朱家尖蜈蚣峙码头,正常热点,普陀朱家尖蜈蚣峙码头停车场室外,,
CT_zj_5801001240,80019053,定海临城体育馆主馆, 体育场馆,定海临城体育馆（主馆）,浙江,舟山市,定海县,定海分公司,122.20531,29.98331,金州,183.152.192.2-183.152.207.254,光纤,C,工程局SY,顾磊,15305809609,0,是,,,149,1041,3004,ZS-DH-NZ-1.domain,以太网,全覆盖,5,2010/11/9,,CT_zj_5801010002,华三AC定海76(主),定海临城体育馆,正常热点,定海临城体育馆主馆,,
CT_zj_5801601327,800116175,定海岑港电信营业厅, 电信自有,定海岑港电信营业厅,浙江,舟山市,定海县,定海分公司,121.996,30.07557,金州,183.152.192.2-183.152.207.254,光纤,D,工程局FZ,营业厅,8010004,0,否,,,109,1041,3000,ZS-DH-NZ-1.domain,以太网,营业大厅,2,2010/11/25,,CT_zj_5801610007,华三AC定海76(主),,正常热点,定海岑港电信营业厅,,
CT_zj_5800401417,800204252,普陀朱家尖蜈蚣峙码头侯船厅, 码头,普陀朱家尖蜈蚣峙码头侯船厅,浙江,舟山市,普陀县,普陀分公司,122.36762,29.95404,工程局,183.152.192.2-183.152.207.254,光纤,C,工程局SY,乐谋勋,15305808705,0,否,,,1058,1042,3033,ZS-DH-NZ-1.domain,以太网,侯船厅南,4,2010/12/2,,CT_zj_5800420003,华三AC普陀78(主),普陀朱家尖蜈蚣峙码头,正常热点,普陀朱家尖蜈蚣峙码头侯船厅,,
CT_zj_5800601121,800106128,定海瑞豪大酒店, 宾馆酒店,定海瑞豪大酒店,浙江,舟山市,定海县,定海分公司,122.11553,30.01819,金州,183.152.192.2-183.152.207.254,光纤,B,国人,金师傅,18967201020,0,是,,,105,1041,3029,ZS-DH-NZ-1.domain,以太网,全覆盖,8,2010/10/25,,CT_zj_5800610011,华三AC定海76(主),,正常热点,定海瑞豪大酒店,,
CT_zj_5809901908,800199285,定海舟山小学前公话亭, 其他,定海舟山小学前电话亭,浙江,舟山市,定海县,定海分公司,122.10042,30.02836,金州,183.152.192.2-183.152.207.254,光纤,C,工程局SY,顾磊,15305809609,0,否,,,50,1041,3024,ZS-DH-NZ-1.domain,以太网,沿街周边区域,3,2011/3/13,,CT_zj_5809910035,华三AC定海76(主),,正常热点,定海舟山小学前公话亭,,
CT_zj_5809901909,800199286,定海环城南路280号公话亭, 其他,定海环城南路280号前电话亭,浙江,舟山市,定海县,定海分公司,122.10418,30.01184,金州,183.152.192.2-183.152.207.254,光纤,C,工程局SY,顾磊,15305809609,0,否,,,34,1041,3024,ZS-DH-NZ-1.domain,以太网,沿街周边区域,3,2011/3/13,,CT_zj_5809910036,华三AC定海76(主),,正常热点,定海环城南路280号公话亭,,
CT_zj_5809901910,800199287,定海环城南路284号公话亭, 其他,定海环城南路284号前电话亭,浙江,舟山市,定海县,定海分公司,122.104,30.01187,金州,183.152.192.2-183.152.207.254,光纤,C,工程局SY,顾磊,15305809609,0,否,,,44,1041,3024,ZS-DH-NZ-1.domain,以太网,沿街周边区域,3,2011/3/13,,CT_zj_5809910037,华三AC定海76(主),,正常热点,定海环城南路284号公话亭,,
CT_zj_5809901911,800199288,定海环城南路370号公话亭, 其他,定海环城南路370号前电话亭,浙江,舟山市,定海县,定海分公司,122.10844,30.01187,金州,183.152.192.2-183.152.207.254,光纤,C,工程局SY,顾磊,15305809609,0,否,,,35,1041,3024,ZS-DH-NZ-1.domain,以太网,沿街周边区域,3,2011/3/13,,CT_zj_5809910038,华三AC定海76(主),,正常热点,定海环城南路370号公话亭,,
CT_zj_5809901912,800199289,定海环城南路392-2号好邻居超市公话亭, 其他,定海环城南路好邻居超市前电话亭,浙江,舟山市,定海县,定海分公司,122.10272,30.01195,金州,183.152.192.2-183.152.207.254,光纤,C,工程局SY,顾磊,15305809609,0,否,,,28,1041,3024,ZS-DH-NZ-1.domain,以太网,沿街周边区域,2,2011/3/13,,CT_zj_5809910039,华三AC定海76(主),,正常热点,定海环城南路392-2号好邻居超市公话亭,,
CT_zj_5809901913,800199290,定海人民南路303号公话亭, 其他,定海人民南路303号前电话亭,浙江,舟山市,定海县,定海分公司,122.10298,30.01134,金州,183.152.192.2-183.152.207.254,光纤,C,工程局SY,顾磊,15305809609,0,否,,,47,1041,3024,ZS-DH-NZ-1.domain,以太网,沿街周边区域,3,2011/3/13,,CT_zj_5809910040,华三AC定海76(主),,正常热点,定海人民南路303号公话亭,,
CT_zj_5809901914,800199291,定海人民南路323号公话亭, 其他,定海人民南路323号前电话亭,浙江,舟山市,定海县,定海分公司,122.10271,30.01089,金州,183.152.192.2-183.152.207.254,光纤,C,工程局SY,顾磊,15305809609,0,否,,,48,1041,3024,ZS-DH-NZ-1.domain,以太网,沿街周边区域,3,2011/3/13,,CT_zj_5809910041,华三AC定海76(主),,正常热点,定海人民南路323号公话亭,,
CT_zj_5809902095,800199318,定海昌国路50号公话亭, 其他,定海昌国路50号电话亭,浙江,舟山市,定海县,定海分公司,122.09898,30.02094,金州,183.152.192.2-183.152.207.254,光纤,C,工程局SY,顾磊,15305809609,0,否,,,66,1041,3025,ZS-DH-NZ-1.domain,以太网,周边区域,3,2011/4/28,,CT_zj_5809910046,华三AC定海76(主),,正常热点,定海昌国路50号公话亭,,
CT_zj_5809905681,800199656,定海寿山庙停车场东面电灯杆PHS, 其他,定海寿山庙,浙江,舟山市,定海县,定海分公司,122.100281,30.043393,金州,183.152.192.2-183.152.207.254,光纤,C,工程局SY,顾磊,15305809609,0,否,,,77,1041,3000,ZS-DH-NZ-1.domain,以太网,周边寺庙及附近停车场,2,2012/2/20,,CT_zj_5801310013,华三AC定海76(主),,正常热点,定海寿山庙停车场东面电灯杆PHS,,
CT_zj_5809901852,800116266,定海环城西路25号培蕾制衣厂公话亭, 其他,定海环城西路培蕾制衣厂前电话亭,浙江,舟山市,定海县,定海分公司,122.09631,30.0212,金州,183.152.192.2-183.152.207.254,光纤,C,工程局SY,顾磊,15305809609,0,否,,,23,1041,3025,ZS-DH-NZ-1.domain,以太网,沿街周边区域,2,2011/2/25,,CT_zj_5809910022,华三AC定海76(主),,正常热点,定海环城西路25号培蕾制衣厂公话亭,,
CT_zj_5809901853,800116267,定海昌国路56号公话亭, 其他,定海昌国路56号电话亭,浙江,舟山市,定海县,定海分公司,122.09939,30.02107,金州,183.152.192.2-183.152.207.254,光纤,C,工程局SY,顾磊,15305809609,0,否,,,65,1041,3024,ZS-DH-NZ-1.domain,以太网,沿街周边区域,3,2011/2/25,,CT_zj_5809910030,华三AC定海76(主),,正常热点,定海昌国路56号公话亭,,
CT_zj_5809901854,800116268,定海环城南路18-16号公话亭, 其他,定海环城南路18-16号前电话亭,浙江,舟山市,定海县,定海分公司,122.08563,30.0132,金州,183.152.192.2-183.152.207.254,光纤,C,工程局SY,顾磊,15305809609,0,否,,,36,1041,3026,ZS-DH-NZ-1.domain,以太网,沿街周边区域,3,2011/2/25,,CT_zj_5809910033,华三AC定海76(主),,正常热点,定海环城南路18-16号公话亭,,
CT_zj_5809901856,800116270,定海环城西路20号公话亭, 其他,定海环城西路20号前电话亭,浙江,舟山市,定海县,定海分公司,122.09734,30.02017,金州,183.152.192.2-183.152.207.254,光纤,C,工程局SY,顾磊,15305809609,0,否,,,24,1041,3025,ZS-DH-NZ-1.domain,以太网,沿街周边区域,3,2011/2/25,,CT_zj_5809910020,华三AC定海76(主),,正常热点,定海环城西路20号公话亭,,
CT_zj_5809901857,800116271,定海环城西路104号公话亭, 其他,定海环城西路104号前电话亭,浙江,舟山市,定海县,定海分公司,122.09915,30.01586,金州,183.152.192.2-183.152.207.254,光纤,C,工程局SY,顾磊,15305809609,0,否,,,22,1041,3025,ZS-DH-NZ-1.domain,以太网,沿街周边区域,2,2011/2/25,,CT_zj_5809910024,华三AC定海76(主),,正常热点,定海环城西路104号公话亭,,
CT_zj_5809901858,800116272,定海环城西路148号公话亭, 其他,定海环城西路148号前电话亭,浙江,舟山市,定海县,定海分公司,122.09847,30.01222,金州,183.152.192.2-183.152.207.254,光纤,B,工程局SY,顾磊,15305809609,0,否,,,58,1041,3025,ZS-DH-NZ-1.domain,以太网,沿街周边区域,2,2011/2/25,客户经理：徐昌荣806870,CT_zj_5809910016,华三AC定海76(主),,正常热点,定海环城西路148号公话亭,,
CT_zj_5809901859,800116273,定海环城西路42号对面解放路派出所公话亭, 其他,定海环城西路解放路派出所前电话亭,浙江,舟山市,定海县,定海分公司,122.09762,30.01851,金州,183.152.192.2-183.152.207.254,光纤,C,工程局SY,顾磊,15305809609,0,否,,,25,1041,3025,ZS-DH-NZ-1.domain,以太网,沿街周边区域,3,2011/2/25,,CT_zj_5809910032,华三AC定海76(主),,正常热点,定海环城西路42号对面解放路派出所公话亭,,
CT_zj_5809901860,800116274,定海昌国路242号电信檀树机房前公话亭, 其他,定海昌国路242号前电话亭（檀树机房旁）,浙江,舟山市,定海县,定海分公司,122.11021,30.02359,金州,183.152.192.2-183.152.207.254,光纤,C,工程局SY,顾磊,15305809609,0,否,,,67,1041,3024,ZS-DH-NZ-1.domain,以太网,沿街周边区域,3,2011/2/25,,CT_zj_5809910017,华三AC定海76(主),,正常热点,定海昌国路242号电信檀树机房前公话亭,,
CT_zj_5809901861,800116275,定海腾坑湾路42号对面金岛花园公话亭, 其他,定海腾坑湾路金岛花园前电话亭,浙江,舟山市,定海县,定海分公司,122.09564,30.02302,金州,183.152.192.2-183.152.207.254,光纤,C,工程局SY,顾磊,15305809609,0,否,,,46,1041,3026,ZS-DH-NZ-1.domain,以太网,沿街周边区域,2,2011/2/25,,CT_zj_5809910029,华三AC定海76(主),,正常热点,定海腾坑湾路42号对面金岛花园公话亭,,
CT_zj_5809901863,800116277,定海东河北路12幢公话亭, 其他,定海东河路12幢电话亭,浙江,舟山市,定海县,定海分公司,122.1148,30.02041,金州,183.152.192.2-183.152.207.254,光纤,C,工程局SY,顾磊,15305809609,0,否,,,56,1041,3025,ZS-DH-NZ-1.domain,以太网,沿街周边区域,3,2011/2/25,,CT_zj_5809910021,华三AC定海76(主),,正常热点,定海东河北路12幢公话亭,,
CT_zj_5801201946,800112299,定海临城国土资源局, 政府机关等事业单位,定海临城国土资源局,浙江,舟山市,定海县,定海分公司,122.19966,29.99271,金州,183.152.192.2-183.152.207.254,光纤,C,国人,顾磊,15305809609,0,是,,,99,1041,3026,ZS-DH-NZ-1.domain,以太网,全覆盖,14,2011/3/19,,CT_zj_5801210029,华三AC定海76(主),,正常热点,定海临城国土资源局,,
CT_zj_5809902617,800199351,定海环城南路94号前公话亭, 其他,定海环城南路94号,浙江,舟山市,定海县,定海分公司,122.09186,30.01318,金州,183.152.192.2-183.152.207.254,光纤,C,工程局SY,顾磊,15305809609,0,否,,,32,1041,3000,ZS-DH-NZ-1.domain,以太网,沿街周边区域,3,2011/7/1,,CT_zj_5809910069,华三AC定海76(主),,正常热点,定海环城南路94号前公话亭,,
CT_zj_5809902619,800199352,定海环城南路351号公话亭, 其他,定海环城南路351号门口,浙江,舟山市,定海县,定海分公司,122.11012,30.01204,金州,183.152.192.2-183.152.207.254,光纤,C,工程局SY,顾磊,15305809609,0,否,,,60,1041,3000,ZS-DH-NZ-1.domain,以太网,沿街周边区域,3,2011/7/1,,CT_zj_5809910071,华三AC定海76(主),,正常热点,定海环城南路351号公话亭,,
CT_zj_5809902620,800199353,定海昌国路234号市总工会门口公话亭, 其他,定海昌国路234号市总工会门口公话亭12,浙江,舟山市,定海县,定海分公司,122.109,30.02333,金州,183.152.192.2-183.152.207.254,光纤,C,工程局SY,顾磊,15305809609,0,否,,,68,1041,3000,ZS-DH-NZ-1.domain,以太网,沿街周边区域,3,2011/7/1,,CT_zj_5809910072,华三AC定海76(主),,正常热点,定海昌国路234号市总工会门口公话亭,,
CT_zj_5809902621,800199354,定海昌国路222号卫检门口公话亭, 其他,定海昌国路222号卫检门口公话亭43,浙江,舟山市,定海县,定海分公司,122.10821,30.02318,金州,183.152.192.2-183.152.207.254,光纤,C,工程局SY,顾磊,15305809609,0,否,,,71,1041,3000,ZS-DH-NZ-1.domain,以太网,沿街周边区域,3,2011/7/1,,CT_zj_5809910073,华三AC定海76(主),,正常热点,定海昌国路222号卫检门口公话亭,,
CT_zj_5809902642,800299436,普陀沈家门兴建路703号PHS, 其他,普陀沈家门兴建路703号屋顶小灵通基站,浙江,舟山市,普陀县,普陀分公司,122.27854,29.94424,工程局,183.152.192.2-183.152.207.254,光纤,C,工程局FZ,乐谋勋,15305808705,0,否,,,1160,1042,3034,ZS-DH-NZ-1.domain,以太网,沈家门兴建路703号附近街道及商铺,2,2011/7/4,,CT_zj_5809920148,华三AC普陀78(主),,正常热点,普陀沈家门兴建路703号PHS,,
CT_zj_5809902555,800199342,定海东河中路A6幢公话亭, 其他,定海东河路南段A6幢电话亭,浙江,舟山市,定海县,定海分公司,122.1137,30.01545,金州,183.152.192.2-183.152.207.254,光纤,C,工程局SY,顾磊,15305809609,0,否,,,18,1041,3000,ZS-DH-NZ-1.domain,以太网,附近道路,2,2011/6/22,,CT_zj_5809910062,华三AC定海76(主),,正常热点,定海东河中路A6幢公话亭,,
CT_zj_5809902556,800199343,定海东河中路东港浦新村63幢公话亭, 其他,定海东河路南段东港浦新村63幢电话亭,浙江,舟山市,定海县,定海分公司,122.11291,30.01249,金州,183.152.192.2-183.152.207.254,光纤,C,工程局SY,贝经理,15958087193,0,否,,,17,1041,3000,ZS-DH-NZ-1.domain,以太网,附近道路,2,2011/6/22,,CT_zj_5809910063,华三AC定海76(主),,正常热点,定海东河中路东港浦新村63幢公话亭,,
CT_zj_5809902557,800199344,定海东河中路世纪新茂门口公话亭, 其他,定海东河路南段世纪新茂门口电话亭,浙江,舟山市,定海县,定海分公司,122.11451,30.01809,金州,183.152.192.2-183.152.207.254,光纤,C,工程局SY,顾磊,15305809609,0,否,,,19,1041,3000,ZS-DH-NZ-1.domain,以太网,附近道路,3,2011/6/22,,CT_zj_5809910064,华三AC定海76(主),,正常热点,定海东河中路世纪新茂门口公话亭,,
CT_zj_5809902558,800199345,定海环城南路158-20号公话亭, 其他,定海环城南路158-20号前电话亭,浙江,舟山市,定海县,定海分公司,122.09595,30.01228,金州,183.152.192.2-183.152.207.254,光纤,C,工程局SY,顾磊,15305809609,0,否,,,33,1041,3000,ZS-DH-NZ-1.domain,以太网,沿街周边区域,3,2011/6/22,,CT_zj_5809910065,华三AC定海76(主),,正常热点,定海环城南路158-20号公话亭,,
CT_zj_5809902559,800199346,定海环城南路474号公话亭, 其他,定海环城南路474号前电话亭,浙江,舟山市,定海县,定海分公司,122.11166,30.01189,金州,183.152.192.2-183.152.207.254,光纤,C,工程局SY,顾磊,15305809609,0,否,,,30,1041,3000,ZS-DH-NZ-1.domain,以太网,沿街周边区域,3,2011/6/22,,CT_zj_5809910066,华三AC定海76(主),,正常热点,定海环城南路474号公话亭,,
CT_zj_5809902740,800199366,定海昌国路194号商干校门口公话亭, 其他,定海昌国路194号商干校门口,浙江,舟山市,定海县,定海分公司,122.10628,30.02278,金州,183.152.192.2-183.152.207.254,光纤,C,工程局SY,顾磊,15305809609,0,否,,,62,1041,3000,ZS-DH-NZ-1.domain,以太网,沿街周边区域,3,2011/7/19,,CT_zj_5809910078,华三AC定海76(主),,正常热点,定海昌国路194号商干校门口公话亭,,
CT_zj_5809902741,800199367,定海环城北路79号北门菜场公话亭, 其他,定海环城北路北门菜场,浙江,舟山市,定海县,定海分公司,122.10062,30.02791,金州,183.152.192.2-183.152.207.254,光纤,C,工程局SY,顾磊,15305809609,0,否,,,49,1041,3000,ZS-DH-NZ-1.domain,以太网,沿街周边区域,3,2011/7/19,,CT_zj_5809910079,华三AC定海76(主),,正常热点,定海环城北路79号北门菜场公话亭,,
CT_zj_5809902742,800199368,定海竹山公园门口南侧公话亭, 其他,定海竹山公园门口南侧,浙江,舟山市,定海县,定海分公司,122.08394,30.01319,金州,183.152.192.2-183.152.207.254,光纤,C,工程局SY,顾磊,15305809609,0,否,,,45,1041,3000,ZS-DH-NZ-1.domain,以太网,沿街周边区域,3,2011/7/19,,CT_zj_5809910080,华三AC定海76(主),,正常热点,定海竹山公园门口南侧公话亭,,
CT_zj_5809902825,800199376,定海环城南路424号市教委对面公话亭, 其他,定海环城南路424号门口,浙江,舟山市,定海县,定海分公司,122.11043,30.01182,金州,183.152.192.2-183.152.207.254,光纤,C,工程局SY,顾磊,15305809609,0,否,,,59,1041,3000,ZS-DH-NZ-1.domain,以太网,沿街周边区域,3,2011/8/3,,CT_zj_5809910083,华三AC定海76(主),,正常热点,定海环城南路424号市教委对面公话亭,,
CT_zj_5800602970,800206569,普陀普陀山雷迪森山庄, 宾馆酒店,普陀普陀山雷迪森山庄,浙江,舟山市,普陀县,普陀分公司,122.38768,30.0025,工程局,183.152.192.2-183.152.207.254,光纤,D,工程局SY,乐谋勋,15305808705,0,是,,,1002,1042,3031,ZS-DH-NZ-1.domain,以太网,全覆盖,11,2011/8/18,,CT_zj_5800620076,华三AC普陀78(主),,正常热点,普陀普陀山雷迪森山庄,,
CT_zj_5809903242,800199427,定海人民南路93号公话亭, 其他,定海人民南路93号前电话亭,浙江,舟山市,定海县,定海分公司,122.10412,30.01617,金州,183.152.192.2-183.152.207.254,光纤,C,工程局SY,顾磊,15305809609,0,否,,,51,1041,3000,ZS-DH-NZ-1.domain,以太网,公话亭附近道路,3,2011/9/19,,CT_zj_5809910103,华三AC定海76(主),,正常热点,定海人民南路93号公话亭,,
CT_zj_5809903243,800199428,定海舟山中学大门对面公话亭, 其他,定海舟山中学对面电话亭,浙江,舟山市,定海县,定海分公司,122.09831,30.02073,金州,183.152.192.2-183.152.207.254,光纤,C,工程局SY,顾磊,15305809609,0,否,,,63,1041,3000,ZS-DH-NZ-1.domain,以太网,公话亭附近道路,3,2011/9/19,,CT_zj_5809910104,华三AC定海76(主),,正常热点,定海舟山中学大门对面公话亭,,
CT_zj_5809903919,800299827,普陀浦西新晨路荣威汽车4S店, 其他,普陀浦西荣威汽车4S店,浙江,舟山市,普陀县,普陀分公司,122.25575,29.98489,工程局,183.152.192.2-183.152.207.254,光纤,A,工程局SY,乐谋勋,15305808705,0,是,,,1090,1042,3000,ZS-DH-NZ-1.domain,以太网,荣威汽车4S店办公区域和车间,3,2011/11/8,,CT_zj_5809920439,华三AC普陀78(主),,正常热点,普陀浦西新晨路荣威汽车4S店,,
CT_zj_5800603633,800206738,普陀沈家门中元大酒店, 宾馆酒店,普陀浦湾二区,浙江,舟山市,普陀县,普陀分公司,122.27971,29.94798,工程局,183.152.192.2-183.152.207.254,光纤,B,国人,乐谋勋,15305808705,0,是,,,1009,1042,3024,ZS-DH-NZ-1.domain,以太网,全覆盖,11,2011/10/19,,CT_zj_5800620097,华三AC普陀78(主),,正常热点,普陀沈家门中元大酒店,,
CT_zj_5801204433,800212884,普陀东港国土资源局, 政府机关等事业单位,东港B-05地块,浙江,舟山市,普陀县,普陀分公司,122.31063,29.97458,工程局,183.152.192.2-183.152.207.254,光纤,B,工程局,乐谋勋,15305808705,0,是,,,1089,1042,3024,ZS-DH-NZ-1.domain,以太网,国土资源局,19,2011/11/29,,CT_zj_5801220025,华三AC普陀78(主),,正常热点,普陀东港国土资源局,,
CT_zj_5801104324,800211874,普陀浦西永祥大厦, 商务楼,普陀浦西,浙江,舟山市,普陀县,普陀分公司,122.25372,29.97484,工程局,183.152.192.2-183.152.207.254,光纤,B,工程局,乐谋勋,15305808705,0,是,,,1091,1042,3025,ZS-DH-NZ-1.domain,以太网,永祥大厦,13,2011/11/26,,CT_zj_5809920060,华三AC普陀78(主),,正常热点,普陀浦西永祥大厦,,
CT_zj_5809904167,800199500,定海解放东路218号邮政局门口公话亭, 其他,定海解放西路103号公话亭,浙江,舟山市,定海县,定海分公司,122.11272,30.01838,金州,183.152.192.2-183.152.207.254,光纤,C,工程局SY,顾磊,15305809609,0,否,,,20,1041,3000,ZS-DH-NZ-1.domain,以太网,附近区域,3,2011/11/22,,CT_zj_5809910114,华三AC定海76(主),,正常热点,定海解放东路218号邮政局门口公话亭,,
CT_zj_5809905023,800199574,定海环城南路208-6号公话亭, 其他,定海环城南路208-6号电话亭,浙江,舟山市,定海县,定海分公司,122.10025,30.01206,金州,183.152.192.2-183.152.207.254,光纤,C,工程局SY,顾磊,15305809609,0,否,,,40,1041,3000,ZS-DH-NZ-1.domain,以太网,电话亭附近道路与商铺,3,2011/12/19,,CT_zj_5809910180,华三AC定海76(主),,正常热点,定海环城南路208-6号公话亭,,
CT_zj_5809904821,800199544,定海昌国路152号老干部局门口公话亭, 其他,定海昌国路152号老干部局门口电话亭,浙江,舟山市,定海县,定海分公司,122.10323,30.02206,金州,183.152.192.2-183.152.207.254,光纤,C,工程局SY,顾磊,15305809609,0,否,,,16,1041,3000,ZS-DH-NZ-1.domain,以太网,附近道路与商铺,3,2011/12/12,,CT_zj_5809910150,华三AC定海76(主),,正常热点,定海昌国路152号老干部局门口公话亭,,
CT_zj_5809904822,800199545,定海舟山中学大门西侧公话亭, 其他,定海舟山中学大门西侧电话亭,浙江,舟山市,定海县,定海分公司,122.09767,30.02055,金州,183.152.192.2-183.152.207.254,光纤,C,工程局SY,顾磊,15305809609,0,否,,,69,1041,3000,ZS-DH-NZ-1.domain,以太网,附近道路与商铺,3,2011/12/12,,CT_zj_5809910151,华三AC定海76(主),,正常热点,定海舟山中学大门西侧公话亭,,
CT_zj_5809904823,800199546,定海昌国路6号公话亭, 其他,定海昌国路6号电话亭,浙江,舟山市,定海县,定海分公司,122.09752,30.02041,金州,183.152.192.2-183.152.207.254,光纤,C,工程局SY,顾磊,15305809609,0,否,,,61,1041,3000,ZS-DH-NZ-1.domain,以太网,附近道路与商铺,3,2011/12/12,,CT_zj_5809910152,华三AC定海76(主),,正常热点,定海昌国路6号公话亭,,
CT_zj_5809904824,800199547,定海昌国路70号公话亭, 其他,定海昌国路70号电话亭,浙江,舟山市,定海县,定海分公司,122.10015,30.0212,金州,183.152.192.2-183.152.207.254,光纤,C,工程局SY,顾磊,15305809609,0,否,,,70,1041,3000,ZS-DH-NZ-1.domain,以太网,附近道路与商铺,3,2011/12/12,,CT_zj_5809910153,华三AC定海76(主),,正常热点,定海昌国路70号公话亭,,
CT_zj_5809904825,800199548,定海昌国路98号祖印寺门口公话亭, 其他,定海昌国路98号祖印寺门口电话亭,浙江,舟山市,定海县,定海分公司,122.10069,30.02133,金州,183.152.192.2-183.152.207.254,光纤,C,工程局SY,顾磊,15305809609,0,否,,,64,1041,3000,ZS-DH-NZ-1.domain,以太网,附近道路与商铺,3,2011/12/12,,CT_zj_5809910154,华三AC定海76(主),,正常热点,定海昌国路98号祖印寺门口公话亭,,
CT_zj_5809904826,800199549,定海昌国路124号区府对面公话亭, 其他,定海昌国路124号电话亭,浙江,舟山市,定海县,定海分公司,122.10171,30.02157,金州,183.152.192.2-183.152.207.254,光纤,C,工程局SY,顾磊,15305809609,0,否,,,72,1041,3000,ZS-DH-NZ-1.domain,以太网,附近道路与商铺,3,2011/12/12,,CT_zj_5809910155,华三AC定海76(主),,正常热点,定海昌国路124号区府对面公话亭,,
CT_zj_5809904828,800199551,定海环城南路18-3号公话亭, 其他,定海环城南路18-3号电话亭,浙江,舟山市,定海县,定海分公司,122.08547,30.01321,金州,183.152.192.2-183.152.207.254,光纤,C,工程局SY,顾磊,15305809609,0,否,,,41,1041,3000,ZS-DH-NZ-1.domain,以太网,电话亭附近道路与商铺,3,2011/12/12,,CT_zj_5809910157,华三AC定海76(主),,正常热点,定海环城南路18-3号公话亭,,
CT_zj_5809905042,800199579,定海环城南路168号公话亭, 其他,定海环城南路168号电话亭,浙江,舟山市,定海县,定海分公司,122.09693,30.01209,金州,183.152.192.2-183.152.207.254,光纤,C,工程局SY,顾磊,15305809609,0,否,,,42,1041,3000,ZS-DH-NZ-1.domain,以太网,电话亭附近道路与商铺,3,2011/12/19,,CT_zj_5809910179,华三AC定海76(主),,正常热点,定海环城南路168号公话亭,,
CT_zj_5801304281,800113508,定海413医院体检中心, 医院,定海四一三医院,浙江,舟山市,定海县,定海分公司,122.10596,30.0379,金州,183.152.192.2-183.152.207.254,光纤,C,国人,顾磊,15305809609,0,是,,,175,1041,3000,ZS-DH-NZ-1.domain,以太网,四一三医院,4,2011/11/26,,CT_zj_5801310009,华三AC定海76(主),定海四一三医院,正常热点,定海413医院体检中心,,
CT_zj_5800605621,800106649,定海临城财富君廷大酒店主楼, 宾馆酒店,定海临城财富君廷大酒店主楼,浙江,舟山市,定海县,定海分公司,122.20231,29.9917,金州,183.152.192.2-183.152.207.254,光纤,C,依网,机房管理员,13967232982,0,是,,,55,1041,3024,ZS-DH-NZ-1.domain,以太网,全覆盖,55,2012/2/8,,CT_zj_5800610054,华三AC定海76(主),定海临城财富君廷大酒店,正常热点,定海临城财富君廷大酒店主楼,,
CT_zj_5809904621,800199528,定海人民南路223号公话亭, 其他,定海人民南路223号公话亭,浙江,舟山市,定海县,定海分公司,122.10382,30.01363,金州,183.152.192.2-183.152.207.254,光纤,C,工程局SY,顾磊,15305809609,0,否,,,53,1041,3000,ZS-DH-NZ-1.domain,以太网,附近区域,3,2011/12/2,,CT_zj_5809910136,华三AC定海76(主),,正常热点,定海人民南路223号公话亭,,
CT_zj_5809904622,800199529,定海环城南路352号公话亭, 其他,定海环城南路352号公话亭,浙江,舟山市,定海县,定海分公司,122.10699,30.01181,金州,183.152.192.2-183.152.207.254,光纤,C,工程局SY,顾磊,15305809609,0,否,,,39,1041,3000,ZS-DH-NZ-1.domain,以太网,附近区域,3,2011/12/2,,CT_zj_5809910137,华三AC定海76(主),,正常热点,定海环城南路352号公话亭,,
CT_zj_5809904862,800199554,定海环城南路54号公话亭, 其他,定海环城南路54号电话亭,浙江,舟山市,定海县,定海分公司,122.08836,30.01319,金州,183.152.192.2-183.152.207.254,光纤,C,工程局SY,顾磊,15305809609,0,否,,,31,1041,3000,ZS-DH-NZ-1.domain,以太网,电话亭附近道路与商铺,3,2011/12/14,,CT_zj_5809910160,华三AC定海76(主),,正常热点,定海环城南路54号公话亭,,
CT_zj_5801604661,800116532,定海东河北路11号公话亭, 电信自有,定海东河路11号电话亭,浙江,舟山市,定海县,定海分公司,122.11463,30.01897,金州,183.152.192.2-183.152.207.254,光纤,B,工程局SY,顾磊,15305809609,0,否,,,21,1041,3000,ZS-DH-NZ-1.domain,以太网,东河路11号电话亭附近道路与商铺,3,2011/12/6,,CT_zj_5801620102,华三AC定海76(主),,正常热点,定海东河北路11号公话亭,,
CT_zj_5809905542,800199642,定海甬东弘生集团食堂, 其他,定海弘生大道111号,浙江,舟山市,定海县,定海分公司,122.131566,29.998965,金州,183.152.192.2-183.152.207.254,光纤,C,工程局SY,顾磊,15305809609,0,否,,,13,1041,3000,ZS-DH-NZ-1.domain,以太网,食堂全覆盖,2,2012/1/12,,CT_zj_5809910228,华三AC定海76(主),,正常热点,定海甬东弘生集团食堂,,
CT_zj_5809905545,800199645,定海盐仓弘生百家盐仓店, 其他,定海盐仓航标北路,浙江,舟山市,定海县,定海分公司,122.075229,30.015173,金州,183.152.192.2-183.152.207.254,光纤,C,工程局SY,顾磊,15305809609,0,否,,,12,1041,3000,ZS-DH-NZ-1.domain,以太网,一楼大厅购物区,1,2012/1/12,,CT_zj_5809910231,华三AC定海76(主),,正常热点,定海盐仓弘生百家盐仓店,,
CT_zj_5809905546,800199646,定海弘生百家海山公园店, 其他,定海海山公园正对面,浙江,舟山市,定海县,定海分公司,122.098471,30.026045,金州,183.152.192.2-183.152.207.254,光纤,B,工程局SY,顾磊,15305809609,0,否,,,9,1041,3000,ZS-DH-NZ-1.domain,以太网,一楼大厅购物区,1,2012/1/12,,CT_zj_5809910232,华三AC定海76(主),,正常热点,定海弘生百家海山公园店,,
CT_zj_5809905901,800199677,定海五奎山五洲船厂7号宿舍楼, 其他,定海五奎山五洲船厂7#宿舍楼,浙江,舟山市,定海县,定海分公司,122.09775,29.99985,金州,183.152.192.2-183.152.207.254,光纤,C,工程局,任主任,13758021632,0,否,,,96,1041,3024,ZS-DH-NZ-1.domain,以太网,1F,12,2012/3/12,,CT_zj_5809920499,华三AC定海76(主),定海五奎山五洲船厂,正常热点,定海五奎山五洲船厂7号宿舍楼,,
CT_zj_5809905903,8002991033,普陀六横蛟头六横路277号电信杆, 其他,普陀六横蛟头六横路277号边线杆,浙江,舟山市,普陀县,普陀分公司,122.11706,29.74542,工程局,183.152.192.2-183.152.207.254,光纤,D,工程局FZ,乐谋勋,15305808705,0,否,,,1004,1042,3027,ZS-DH-NZ-1.domain,以太网,附近街道商铺,2,2012/3/12,,CT_zj_5809920502,华三AC普陀78(主),,正常热点,普陀六横蛟头六横路277号电信杆,,
CT_zj_5809905904,8002991034,普陀六横蛟头六横路151号电信杆, 其他,普陀六横蛟头六横路151号边线杆,浙江,舟山市,普陀县,普陀分公司,122.11451,29.74428,工程局,183.152.192.2-183.152.207.254,光纤,D,工程局FZ,乐谋勋,15305808705,0,否,,,1005,1042,3025,ZS-DH-NZ-1.domain,以太网,附近街道商铺,2,2012/3/12,,CT_zj_5809920503,华三AC普陀78(主),,正常热点,普陀六横蛟头六横路151号电信杆,,
CT_zj_5809905905,8002991035,普陀六横蛟头六横路75号电信杆, 其他,普陀六横蛟头六横路75号边线杆,浙江,舟山市,普陀县,普陀分公司,122.11325,29.74378,工程局,183.152.192.2-183.152.207.254,光纤,D,工程局FZ,乐谋勋,15305808705,0,否,,,1006,1042,3025,ZS-DH-NZ-1.domain,以太网,附近街道商铺,2,2012/3/12,,CT_zj_5809920504,华三AC普陀78(主),,正常热点,普陀六横蛟头六横路75号电信杆,,
CT_zj_5809905906,8002991036,普陀六横蛟头六横路43号电信杆, 其他,普陀六横蛟头六横路43号边线杆,浙江,舟山市,普陀县,普陀分公司,122.11249,29.7435,工程局,183.152.192.2-183.152.207.254,光纤,D,工程局FZ,乐谋勋,15305808705,0,否,,,1007,1042,3025,ZS-DH-NZ-1.domain,以太网,附近街道商铺,2,2012/3/12,,CT_zj_5809920505,华三AC普陀78(主),,正常热点,普陀六横蛟头六横路43号电信杆,,
CT_zj_5809905907,8002991037,普陀六横蛟头双屿路华锦宾馆边电信杆, 其他,普陀六横蛟头双屿路华锦宾馆边线杆,浙江,舟山市,普陀县,普陀分公司,122.11409,29.74307,工程局,183.152.192.2-183.152.207.254,光纤,D,工程局FZ,乐谋勋,15305808705,0,否,,,1008,1042,3029,ZS-DH-NZ-1.domain,以太网,华锦宾馆及附近街道商铺,2,2012/3/12,,CT_zj_5809920506,华三AC普陀78(主),,正常热点,普陀六横蛟头双屿路华锦宾馆边电信杆,,
CT_zj_5800706151,8002071059,普陀桃花射雕城聚贤楼室外, 休闲度假区,普陀桃花射雕城聚贤楼东侧角,浙江,舟山市,普陀县,普陀分公司,122.239334,29.840896,工程局,183.152.192.2-183.152.207.254,光纤,D,工程局FZ,乐谋勋,15305808705,0,否,,,1027,1042,3027,ZS-DH-NZ-1.domain,以太网,附近街道商铺,1,2012/4/12,,CT_zj_5800720111,华三AC普陀78(主),,正常热点,普陀桃花射雕城聚贤楼室外,,
CT_zj_5800706152,8002071060,普陀桃花射雕城京城广场室外, 休闲度假区,普陀桃花射雕城京城广场看台西侧角,浙江,舟山市,普陀县,普陀分公司,122.238929,29.840585,工程局,183.152.192.2-183.152.207.254,光纤,D,工程局FZ,乐谋勋,15305808705,0,否,,,1028,1042,3027,ZS-DH-NZ-1.domain,以太网,京城广场看台,1,2012/4/12,,CT_zj_5800720112,华三AC普陀78(主),,正常热点,普陀桃花射雕城京城广场室外,,
CT_zj_5800706153,8002071061,普陀桃花射雕城河间道客栈室外, 休闲度假区,普陀桃花射雕城河间道客栈西侧角,浙江,舟山市,普陀县,普陀分公司,122.238945,29.840956,工程局,183.152.192.2-183.152.207.254,光纤,D,工程局FZ,乐谋勋,15305808705,0,否,,,1029,1042,3027,ZS-DH-NZ-1.domain,以太网,附近街道商铺,1,2012/4/12,,CT_zj_5800720113,华三AC普陀78(主),,正常热点,普陀桃花射雕城河间道客栈室外,,
CT_zj_5800706154,8002071062,普陀桃花射雕城门口边电信杆, 休闲度假区,普陀桃花射雕城门口电信杆,浙江,舟山市,普陀县,普陀分公司,122.241991,29.841934,工程局,183.152.192.2-183.152.207.254,光纤,D,工程局FZ,乐谋勋,15305808705,0,否,,,1030,1042,3026,ZS-DH-NZ-1.domain,以太网,射雕城门口商铺,1,2012/4/12,,CT_zj_5800720114,华三AC普陀78(主),,正常热点,普陀桃花射雕城门口边电信杆,,
CT_zj_5800706155,8002071063,普陀桃花射雕城金庸文化园室外, 休闲度假区,普陀桃花射雕城金庸文化园的南门旁,浙江,舟山市,普陀县,普陀分公司,122.241251,29.842272,工程局,183.152.192.2-183.152.207.254,光纤,D,工程局FZ,乐谋勋,15305808705,0,否,,,1031,1042,3026,ZS-DH-NZ-1.domain,以太网,金庸文化园,2,2012/4/12,,CT_zj_5800720115,华三AC普陀78(主),,正常热点,普陀桃花射雕城金庸文化园室外,,
CT_zj_5800706156,8002071064,普陀桃花射雕城剧照展览室室外, 休闲度假区,普陀桃花射雕城剧照展览室西侧角,浙江,舟山市,普陀县,普陀分公司,122.241083,29.842039,工程局,183.152.192.2-183.152.207.254,光纤,D,工程局FZ,乐谋勋,15305808705,0,否,,,1032,1042,3026,ZS-DH-NZ-1.domain,以太网,附近街道商铺,1,2012/4/12,,CT_zj_5800720116,华三AC普陀78(主),,正常热点,普陀桃花射雕城剧照展览室室外,,
CT_zj_5800706157,8002071065,普陀桃花射雕城办公楼会议室对面电信杆, 休闲度假区,普陀桃花射雕城办公楼会议室对面铁杆,浙江,舟山市,普陀县,普陀分公司,122.23707,29.84173,工程局,183.152.192.2-183.152.207.254,光纤,D,工程局FZ,乐谋勋,15305808705,0,否,,,1033,1042,3027,ZS-DH-NZ-1.domain,以太网,射雕城办公楼会议室,2,2012/4/12,,CT_zj_5800720117,华三AC普陀78(主),,正常热点,普陀桃花射雕城办公楼会议室对面电信杆,,
CT_zj_5800706158,8002071066,普陀桃花安期谷山庄, 休闲度假区,普陀桃花安期谷山庄二楼会议室,浙江,舟山市,普陀县,普陀分公司,122.29109,29.81259,工程局,183.152.192.2-183.152.207.254,光纤,D,工程局FZ,乐谋勋,15305808705,0,否,,,1034,1042,3026,ZS-DH-NZ-1.domain,以太网,全覆盖,2,2012/4/12,,CT_zj_5800720118,华三AC普陀78(主),,正常热点,普陀桃花安期谷山庄,,
CT_zj_5800605281,800106605,定海凯尔登大酒店, 宾馆酒店,定海凯尔登大酒店,浙江,舟山市,定海县,定海分公司,122.10441,30.01569,金州,183.152.192.2-183.152.207.254,光纤,A,国人,顾磊,15305809609,0,是,,,136,1041,3024,ZS-DH-NZ-1.domain,以太网,6F,9,2011/12/28,,CT_zj_5800610051,华三AC定海76(主),,正常热点,定海凯尔登大酒店,,
CT_zj_5809905661,800199654,定海东瀛路电信二枢楼活动室顶PHS, 其他,定海东瀛路电信二枢楼活动室顶PHS,浙江,舟山市,定海县,定海分公司,122.119645,30.020225,金州,183.152.192.2-183.152.207.254,光纤,C,工程局SY,顾磊,15305809609,0,否,,,75,1041,3000,ZS-DH-NZ-1.domain,以太网,周边街道及店铺,4,2012/2/15,,CT_zj_5809910239,华三AC定海76(主),,正常热点,定海东瀛路电信二枢楼活动室顶PHS,,
CT_zj_5809905821,8002991030,普陀沈家门鲁家峙路P003电信PHS, 其他,普陀沈家门鲁家峙路P003电信PHS,浙江,舟山市,普陀县,普陀分公司,122.30216,29.94414,工程局,183.152.192.2-183.152.207.254,光纤,A,方舟,乐谋勋,15305808705,0,否,,,1159,1042,3024,ZS-DH-NZ-1.domain,以太网,鲁家峙路游艇码头及银誉建设工地办公室,2,2012/3/2,,CT_zj_5809920491,华三AC普陀78(主),,正常热点,普陀沈家门鲁家峙路P003电信PHS,,
CT_zj_5809905841,800199671,定海青垒头路69号南洋汽修电信杆PHS, 其他,定海青垒头路69号,浙江,舟山市,定海县,定海分公司,122.117457,29.995082,金州,183.152.192.2-183.152.207.254,光纤,C,工程局SY,顾磊,15305809609,0,否,,,91,1041,3000,ZS-DH-NZ-1.domain,以太网,附近道路及商铺,3,2012/3/5,,CT_zj_5809920493,华三AC定海76(主),,正常热点,定海青垒头路69号南洋汽修电信杆PHS,,
CT_zj_5809905843,800199673,定海舟山二中水房PHS, 其他,定海舟山二中,浙江,舟山市,定海县,定海分公司,122.124402,30.020921,金州,183.152.192.2-183.152.207.254,光纤,C,工程局SY,顾磊,15305809609,0,否,,,93,1041,3000,ZS-DH-NZ-1.domain,以太网,学校舟山二中校区及办公楼,3,2012/3/5,,CT_zj_5809920495,华三AC定海76(主),定海舟山二中,正常热点,定海舟山二中水房PHS,,
CT_zj_5809905844,800199674,定海舟山二中南教学楼PHS, 其他,定海舟山二中,浙江,舟山市,定海县,定海分公司,122.124249,30.020091,金州,183.152.192.2-183.152.207.254,光纤,C,工程局SY,顾磊,15305809609,0,否,,,94,1041,3000,ZS-DH-NZ-1.domain,以太网,学校舟山二中校区及办公楼,2,2012/3/5,,CT_zj_5809920496,华三AC定海76(主),定海舟山二中,正常热点,定海舟山二中南教学楼PHS,,
CT_zj_5800806001,800108679,定海中煌会所, 休闲娱乐吧,定海中煌会所,浙江,舟山市,定海县,定海分公司,122.10291,30.01977,金州,183.152.192.2-183.152.207.254,光纤,C,京信,业主,15068017797,0,是,,,101,1041,3000,ZS-DH-NZ-1.domain,以太网,全覆盖,4,2012/3/26,,CT_zj_5800800136,华三AC定海76(主),,正常热点,定海中煌会所,,
CT_zj_5800706160,8002071068,普陀桃花安期峰梦麟轩室外, 休闲度假区,普陀桃花安期峰梦麟轩前休闲区墙角,浙江,舟山市,普陀县,普陀分公司,122.285285,29.812231,工程局,183.152.192.2-183.152.207.254,光纤,D,工程局FZ,乐谋勋,15305808705,0,否,,,1036,1042,3024,ZS-DH-NZ-1.domain,以太网,梦麟轩前休闲区,1,2012/4/12,,CT_zj_5800720120,华三AC普陀78(主),,正常热点,普陀桃花安期峰梦麟轩室外,,
CT_zj_5809905501,800199623,定海弘生百家东门店, 其他,定海东门菜场大门旁,浙江,舟山市,定海县,定海分公司,122.109658,30.015199,金州,183.152.192.2-183.152.207.254,光纤,B,工程局SY,顾磊,15305809609,0,否,,,3,1041,3000,ZS-DH-NZ-1.domain,以太网,定海弘生百家东门店,1,2012/1/6,,CT_zj_5809910212,华三AC定海76(主),,正常热点,定海弘生百家东门店,,
CT_zj_5809905524,800199625,定海册子油库综合楼, 其他,定海册子油库综合楼,浙江,舟山市,定海县,定海分公司,121.93673,30.07779,金州,183.152.192.2-183.152.207.254,光纤,D,依网,张工,15268009776,0,是,,,14,1041,3024,ZS-DH-NZ-1.domain,以太网,定海册子油库综合楼,8,2012/1/6,,CT_zj_5809910213,华三AC定海76(主),,正常热点,定海册子油库综合楼,,
